id,bug_fix,commit,proj
1,2013-12-02 21:11:47 +0000,9a62b06be5d0df8e833ff8583398cca386608cac,Time
2,2013-12-02 19:14:41 +0000,8612f9e5b88c1bea933ef9ab1e431f5db3006b48,Time
3,2013-11-27 12:36:35 +0000,8d109fe1a999a11b4557536dd96f9210460a5936,Time
4,2013-11-27 12:36:35 +0000,3ba9ba799b3261b7332a467a88be142c83b298fd,Time
5,2013-11-01 14:06:59 +0000,a6cb59ed2280ab0a32995fa8b5f1a7b0d47cb815,Time
6,2013-08-16 14:41:18 +0100,28aeba952e838fb12c9b934ce6ef65658e45d7b2,Time
7,2013-07-21 01:12:57 +0100,1adb1e69863dcd1ff282692bf1452c422528eeb9,Time
8,2013-07-20 11:49:21 +0100,362ed1787724cda3ded37de2b0aa0f13adf0a66e,Time
9,2013-07-20 11:49:21 +0100,96f586cb8dac7eee62e9be519a3eab125c47bb23,Time
10,2013-06-16 11:28:26 +0100,3a413d7844c22dc6ddd50bf5d0d55ff3589e47ac,Time
11,2013-04-19 15:34:57 +0100,57eb4cbb9044771cd46a9eee0c62016618930226,Time
12,2012-11-27 12:41:26 +0000,77a6b3a44da7ae4af62e88b4b27eeefec2d768c2,Time
13,2012-09-03 12:00:13 +0100,5d08a1cdbfa6ce86a0baf637493c464e91e91968,Time
14,2012-05-23 12:45:41 +0100,2ea856328ed5710537778d755a5ff52a6831a2ee,Time
15,2012-04-30 12:27:18 +0100,0cefc4c212e92e5dccdfa658785c419483317558,Time
16,2012-04-30 12:14:37 +0100,706513d59425e7a9dc6bdb972f25b03b02e48558,Time
17,2012-02-02 13:09:36 +0000,a8913f5ad5dfde59263c981c9e9eb28e43fd2e00,Time
18,2011-12-04 12:10:35 +0000,b609d7d66d180f2eb537b27f5d605d0596e096ce,Time
19,2011-10-24 00:16:21 +0100,82c5e4f9550e4df36e07b66f35f7c3e9d7eb5eba,Time
20,2011-10-23 13:07:54 +0100,a92450e88df85d6b7a0fa53517da46286c24f53f,Time
22,2011-04-01 00:22:59 +0000,57c8aaf94b95323c295dcfec5f40f181846164e7,Time
23,2011-03-31 23:46:38 +0000,14dedcbc04682c1b1b6c5ebe91bc930b79eeb572,Time
24,2011-02-15 14:53:51 +0000,d50efdf75a8daeced88d79b168f68d189fb87e13,Time
25,2010-12-05 23:43:18 +0000,552be4b677ec30a34d04d234395ba1a8c7beaacf,Time
26,2010-12-05 21:27:36 +0000,c7a581e55fc988bd90fa4bb1b0acece5181b7c5f,Time
27,2010-10-27 23:15:42 +0000,e0559c503f65641b9546c37e7c84c866caf37e66,Time
1,2015-06-04 10:13:46 +0200,4e9d7607825c3c668fd43f19507bfead566c528c,Mockito
2,2015-05-08 21:08:46 +0200,80452c7a42777513c35fd30c4e12bcd7ee438fb9,Mockito
3,2015-06-04 10:19:14 +0200,3eec7451d6c83c280743c39b39c77a179abb30f9,Mockito
4,2015-04-19 18:50:25 +0200,42b391d4209024292b6101048389570e4ec36b2a,Mockito
5,2015-01-20 21:24:00 +0100,42a24dde02923185db3f79ae57e7819f7d70af55,Mockito
6,2015-01-02 14:51:26 +0100,dc205824dbc289acbcde919e430176ad72da847f,Mockito
7,2014-12-31 17:39:04 +0100,0aaa36ce6924ca87f88e3723771413b42b80dc5a,Mockito
8,2014-12-29 22:59:47 +0100,5a03bf5d0c9aedac9cfbf074833167c1eca6439f,Mockito
9,2014-11-22 22:13:29 +0100,31f908029b8cd9b1f32bed3a41651b30ebb47b9f,Mockito
10,2014-10-10 02:44:43 +0200,1beeae39ac9f79d6a0db285dec311b78025ac062,Mockito
11,2014-09-26 16:01:47 +0200,1802cf79c482f2df29abb3d6735bcf0b16cedb7d,Mockito
12,2010-05-16 16:21:00 +0000,7a647a702c8af81ccf5d37b09c11529c6c0cb1b7,Mockito
13,2010-05-11 19:01:47 +0000,2037361bea014c9ac87393eb96a95374dff46182,Mockito
14,2010-03-17 20:18:21 +0000,9b2cf8072ece7c7629eff6037853b3e14ab5f524,Mockito
15,2010-11-03 12:36:41 +0100,81a380951402d2a158af115ed616ab36e94793b8,Mockito
16,2009-11-22 14:35:32 +0000,620f8faed0ad132961aae3a8671120e0929ce828,Mockito
17,2009-11-21 23:04:52 +0000,77cb2037314dd024eb53ffe2e9e06304088a2d53,Mockito
18,2015-06-03 17:16:21 +0200,8ceb04ad7317d8db24476b3b5f56ec9f658bc43a,Mockito
19,2015-06-03 00:52:12 +0200,110ffa80070bf54ab8efabdaaa27b193a93d6128,Mockito
20,2015-02-16 00:10:52 +0100,7616cd17d5e1dc7c3dee080c6969183821d4797a,Mockito
21,2014-11-17 00:42:03 +0100,8912aa176ea8414c2fc57df0d9b030b918630e9f,Mockito
22,2014-04-12 16:09:33 +0200,d0c872e4b0837aef1e1635bf5f15d33c3d8d9698,Mockito
23,2014-01-16 09:37:53 -0800,82935114a09390cbab0c6b6df9b6fd6788bf55d9,Mockito
24,2014-01-08 13:13:43 -0800,c17169c2cbb0b3d055d64ec2c4859122ca919c42,Mockito
25,2012-10-25 21:49:58 +0200,a6ccf070a267e0a165b8efaaefa8938e787bb6a0,Mockito
26,2012-06-30 15:06:31 +0200,af44738c7de74f24e37ea0c1242e73b07c3f4362,Mockito
27,2011-10-01 17:09:50 +0200,a8ec4fa290bc1cdde060218d6bb811ac1fa6da6f,Mockito
28,2010-12-20 20:11:06 +0100,0464f5657dc8c76a4ff209a2cf7fd6312885cdc3,Mockito
29,2010-11-18 17:54:14 +0100,918f0a5aed6454b307004b6c9c86afc8e96353ff,Mockito
30,2010-11-05 18:55:32 -0200,3c924f80a4db3692a13341f0da4517052ab77a2a,Mockito
31,2010-11-05 18:33:46 -0200,62b6bdf44baeee172b2b1684835fb995bad2a47d,Mockito
32,2010-09-02 18:23:03 +0000,4f7060cc54bb50292ccfbf3b9fca27f0282abf51,Mockito
33,2010-06-22 05:32:13 +0000,5cb37751c0aba81d025dc5fe4f2f9a3bf86cc958,Mockito
34,2009-12-11 20:30:44 +0000,e8cebe01abae49a09aadd6a26c6f7e2f90e5e772,Mockito
35,2009-11-09 22:36:06 +0000,27a2f515197d4688c4df82afb791bf8ce20a5504,Mockito
36,2009-11-08 20:07:50 +0000,84c142f56fe971ed52ecfe42b42bc0aa7bef8354,Mockito
37,2009-11-08 19:32:25 +0000,c0222c2dbfbd2b053961a46e4c2a3973aec55a75,Mockito
38,2009-07-09 11:23:58 +0000,c1f2c4e6b5bab4cfc004f22999e11e8ac140d377,Mockito
1,2013-08-31 19:43:02 +0000,0da657a65c92b086a301a6ffe9e34ec272f8889c,Math
2,2013-08-10 00:57:48 +0000,c0b655ace5665c0cd32e3f5e5b46edad4d223125,Math
3,2013-07-12 11:29:12 +0000,92c4697300e8ddf06152bc0838c738d50673c1d2,Math
4,2013-06-03 07:15:00 +0000,277e61721f34be16a20da663fd597edf6b51939b,Math
5,2013-03-22 18:55:58 +0000,e54a1c92302f3167b06bc04859b87ac0681bcdf3,Math
6,2013-03-19 14:51:30 +0000,419a052c6842192e78f747d9f5af619c2ca56e78,Math
7,2013-03-19 14:09:08 +0000,1cd68eed57febf806c385bf04a596b922f4c1964,Math
8,2013-03-10 12:01:00 +0000,196e63174afdb3df1529c1b97bb8437b16831cc3,Math
9,2013-03-06 08:53:28 +0000,de98c0f0a566060ac143c39036f06a03f141dc52,Math
10,2013-02-15 08:20:11 +0000,7e2ffcc9034de41d7787f0b33b5670474f7a10de,Math
11,2013-01-15 12:15:50 +0000,aa2bd1d0656b0001192aa2b2ef779cfd1f3b7e4d,Math
12,2013-01-04 12:28:44 +0000,cc82d38aaf6ec24758a0a6df9535b8204e22ef12,Math
13,2012-12-29 13:26:44 +0000,8079ea5b8d1366445da532906e43afa9291473cf,Math
14,2012-12-29 13:16:17 +0000,a6b2e992e17cee0d4cb5a2da8242a20b8e5a8fc3,Math
15,2012-11-26 23:02:29 +0000,b221a7342856a2a548f5d9817055defc0ec4dea6,Math
16,2012-11-26 13:25:27 +0000,875ed1f4d90d1457c0ab40dafc79be5a0c6f9bf6,Math
17,2012-10-21 16:22:50 +0000,621806b796bc416f00341feca894ebae07be5ed0,Math
18,2012-09-29 16:58:18 +0000,7c7d7e8f103582e753c39a2baf14a483e991fefb,Math
19,2012-09-21 15:32:18 +0000,c73fad0a0d42103b5e13a68317ea95b1090263ba,Math
20,2012-09-21 14:17:37 +0000,efa9de05114492ca38cf4739a07339f5ad6faddc,Math
21,2012-09-13 15:13:03 +0000,468ed8550b7759858a4dc59d694859a8ae7d35f0,Math
22,2012-09-08 22:15:32 +0000,b0cba9a79ee99b09958dec8e40c75bed47b7f780,Math
23,2012-09-07 15:43:40 +0000,f1b04e990f4fc86544b6230fab1aa8ecfb74fbb1,Math
24,2012-09-05 14:22:44 +0000,d5ff460ba69e4261f066d7856e2f90b886924513,Math
25,2012-08-16 20:43:59 +0000,996dd998e3081e4a842017b8ebcdae9b6059b530,Math
26,2012-08-01 21:24:27 +0000,1566dd339f6efc2347b0962fac7fce22adbc31ff,Math
27,2012-07-31 14:58:01 +0000,5f2077bb774d283e7984a2d5dc0c2759f2954963,Math
28,2012-07-30 19:37:48 +0000,d3fc5af31eb696af03cfbe2e18584c7e1d307d54,Math
29,2012-06-11 05:52:16 +0000,7bbddc2203bed78fafe7739a97df1f53e767341a,Math
30,2012-06-08 11:04:11 +0000,a25e7f7abe7f6b3f4147febee4a917ce92241aab,Math
31,2012-05-21 19:55:30 +0000,2d846db3aec18dd081e680be05f6e0faad1cb186,Math
32,2012-05-13 15:51:56 +0000,f81847d8079753ce45b049813730055188a22efb,Math
33,2012-05-02 18:28:37 +0000,3ef79313597d7d49067c48d65a09042d8d94822d,Math
34,2012-04-12 18:32:53 +0000,520f36b43a13681db338a07ac6c251cbe1a7a6e5,Math
35,2012-04-02 18:46:42 +0000,a5d8d115cb85149c62059a23e8f4d318cac0e903,Math
36,2012-02-14 13:16:57 +0000,1a15d5f4c13eca0435b0ed7e6a624064e7f7e07f,Math
37,2012-01-27 07:00:19 +0000,65ed08e15af15617e967d3ea9d635dc55a0ef866,Math
38,2011-12-20 13:30:29 +0000,91cc42ba0493938aa53585720b315b62c5784a96,Math
39,2011-12-17 16:55:25 +0000,74e00296574dc3ac0bc064fc3258faabaf732d6c,Math
40,2011-12-01 23:24:36 +0000,c8becc7c47963bcdc1578298846ad6fbf08f64ef,Math
41,2011-11-30 06:24:04 +0000,882556eabbeb2f62939aee29afdec2a01ce4bbe1,Math
42,2011-11-28 20:16:28 +0000,e98a5000cd211539bf4ba65f62cc7f81395e1726,Math
43,2011-11-27 05:20:09 +0000,dcae84b2e8f025e93340307d8bc04d406202c323,Math
44,2011-10-26 09:08:22 +0000,53c8cec5ceb4cd81e3f9b8858814accac83a324e,Math
45,2011-10-10 19:56:03 +0000,bc4e9db01c2a03062965fa4bac65782376ab2287,Math
46,2011-09-03 19:22:42 +0000,e6f27ebcb9ee0a344308382b99a3894bb61b225d,Math
47,2011-09-02 23:05:01 +0000,330f3fe17d132bd4e2a91ff812ccf489e77f390f,Math
48,2011-09-02 11:09:59 +0000,13d22f45624470ce5c07c085cf8b1ec0251eaee6,Math
49,2011-08-13 18:10:13 +0000,09e35881f1ad74335707e70aa78fd347e37d1066,Math
50,2011-08-12 16:48:26 +0000,39cf5e69259d7560d50553caf028f9229b721013,Math
51,2011-08-06 22:26:55 +0000,2f066a5b2d2fe8a00a251a3220b0d52446fe392d,Math
52,2011-08-05 15:05:33 +0000,3c319db494928e9d51ea6091b301302c65f4eceb,Math
53,2011-07-14 06:08:05 +0000,7707b0bb80be05bbf6533a36bb0c646cbfd1026d,Math
54,2011-05-05 19:41:28 +0000,c00ac8120a4215125e49775cd9351e689586b467,Math
55,2011-04-03 14:33:29 +0000,0c38504ffa3ef520ce78e260538d7b8742c895e8,Math
56,2011-04-01 10:10:18 +0000,e06fe05e2dd68936e770ba67caa7b9924568170d,Math
57,2011-03-15 12:15:02 +0000,00fea9d8078d487e31cec8292dbd9bd69bc9c216,Math
58,2011-02-22 23:50:46 +0000,45add3a0e7e2e94bfc29e85c9ef0856e2e473a33,Math
59,2011-01-17 19:55:01 +0000,5dcca48038fb6274cc155251d09db12746ccce71,Math
60,2010-11-30 11:55:22 +0000,9054aac4b948117b838d6a5b15be1f50965d805a,Math
61,2010-09-25 23:06:34 +0000,f76efe5f4ef36fadc677c94269927076f2f42eb9,Math
62,2010-09-23 12:11:56 +0000,8de3eb542b2be80ba309b2c91ae1dba75bdb5063,Math
63,2010-09-01 13:45:55 +0000,d2a5bc02c002acfa220ce8bad23b9e8af137f47d,Math
64,2010-08-11 13:40:39 +0000,7dadc2ab019f066a7a287376ad4c63193e8a0a9a,Math
65,2010-08-05 08:48:00 +0000,a4f9188a55e6935d4d38ae97806af4d59e671588,Math
66,2010-07-28 12:03:41 +0000,76fcbc838c0f27d9b029c1f283390cb4f47f8895,Math
67,2010-07-25 12:29:43 +0000,fc505bba569dede0d29a401798fa9f55df9e27f1,Math
68,2010-05-29 18:15:50 +0000,615ca9a000c253575e6f62bed87db6110b750834,Math
69,2010-05-16 23:48:07 +0000,a2711c189d9754c22e3aba2de1c6c125e52626aa,Math
70,2010-05-03 18:42:27 +0000,f41fcd85ca62a2109a6e550be0353d292d351213,Math
71,2010-03-24 22:11:51 +0000,6537e18ad189603e19615226e6aa1a9cdd154b8f,Math
72,2010-02-23 21:09:25 +0000,aa09ac7ca6e01a2ba41470ca590f07f2ada8af6f,Math
73,2010-02-23 21:01:38 +0000,29c3b75e2d5120771ca85ffcbffc9b7cb5d45c58,Math
74,2010-01-28 15:01:55 +0000,d06e7b7c8e646ff489a5dfba47dfcb283a194e9b,Math
75,2010-01-16 20:01:17 +0000,523df0c13719150b1397a6094f410274bfaf1475,Math
76,2009-12-31 17:52:16 +0000,39e2ad8af8fdedac51144158061cb31e7863c3a1,Math
77,2009-12-29 12:24:58 +0000,d6555de715889237b7be11639d164e7098862003,Math
78,2009-12-06 23:04:55 +0000,b3ed2415fc58b34667d99f077bae6c8e38b7aced,Math
79,2009-11-27 21:45:38 +0000,138baec1c778c2ea1dc1a6efe6d5e76a3b072b1d,Math
80,2009-11-06 15:11:57 +0000,3ced4f2a4e2546f0d7c309bd8f6305edee0dee8f,Math
81,2009-11-03 22:04:08 +0000,7d903ca533833e5db8d2fe150f1e31b54ddda700,Math
82,2009-08-25 18:07:13 +0000,4ece1884cc408e15c8f1db9010fec5cac43937b9,Math
83,2009-08-21 23:07:42 +0000,f36be8e8b7371fb8814456b6c095866aa802de78,Math
84,2009-08-14 19:23:27 +0000,317793eeff84dc9b260301adbe4aa8f5c79f703a,Math
85,2009-07-07 09:19:46 +0000,9be86f674f91fa3fe0a8694e7b98472dabe6886d,Math
86,2009-06-04 20:07:29 +0000,bd8f05c4dda4b5b00e525e08fd6c95d256423c97,Math
87,2009-06-03 09:06:08 +0000,75f5c92aeb47e264c196a8c38a495adac89f493c,Math
88,2009-06-02 19:37:30 +0000,24a6a2692e942969f5c39bd88d3d12ac0f0bf0d9,Math
89,2009-04-17 13:44:46 +0000,62b3877f953dd47c4d301be35c77446e2cf55311,Math
90,2009-04-17 13:34:59 +0000,0c84b28c3542f3340f7ec0dffc34c60dff66604e,Math
91,2009-03-29 16:51:48 +0000,e1df5f5486f10ac521dfc3dc20d1bfe508e67aa8,Math
92,2009-01-19 23:52:02 +0000,85a8ab2dcfc26e83be1514acdb11d3feaac3e73d,Math
93,2009-01-19 19:43:01 +0000,7cd3d822b65b7acdd1f6e1c82b291cd994f4fe05,Math
94,2009-01-16 23:06:32 +0000,a96e597894562c2cf01fc678f6c435d65ccc31c5,Math
95,2008-09-26 19:51:13 +0000,fbf87122e0f7229892b6dbbf2e211cc46acea008,Math
96,2008-08-29 15:46:22 +0000,e6449cccdeaba96ffba4c27db322c5c3d5c18662,Math
97,2008-06-23 13:46:46 +0000,ed492bd0c5c5c3a0258a65cb31cc8723d8f011fd,Math
98,2008-06-17 19:09:36 +0000,a0f3e0435c405ec842240413e2165863c9c76a16,Math
99,2009-02-21 13:54:25 +0000,58b5609fe8f99aabc990d885bf6c4d85631b7c79,Math
100,2008-03-28 20:06:54 +0000,876d133334e8dde309cc11f884c0dd4cc9ce530e,Math
101,2008-03-23 12:22:59 +0000,32643d19538ad853a1280eb4060c4f15ac6dc3dd,Math
102,2008-01-09 05:16:00 +0000,a1bac127067c912b4a9f7a2957c427853a36c730,Math
103,2007-07-22 02:33:08 +0000,4ce05bcd51ec956d789d20b59c743603d24a8ab7,Math
104,2007-06-20 22:24:04 +0000,e39a7750ef362679599b623b05bfadb150832515,Math
105,2006-07-06 05:10:49 +0000,fc21b26f84312e4f75e8b144238618c73a8b091f,Math
106,2006-06-05 03:06:52 +0000,41ba9e00e3bbde990f6821f67f0da2a5575b9ac3,Math
1,2013-07-26 01:03:52 +0000,687b2e62b7c6e81cd9d5c872b7fa9cc8fd3f1509,Lang
3,2013-05-19 10:22:13 +0000,2c9c8753165dc7ce5dd1d5a6d741b445b33302c2,Lang
4,2013-04-23 06:00:41 +0000,fb47b96ab635d7cc6e9edefdddc46f1baf63b117,Lang
5,2013-01-03 06:19:52 +0000,75944e541d358d5b06ebbba3098a919fbf2539d4,Lang
6,2012-11-20 20:45:50 +0000,cff0f1ae37bb2b7ab2dcdb10dec1f3cad7532e1c,Lang
7,2012-11-11 13:16:22 +0000,e71f6dd3f2f70c640ae73d28b432b3a69ffcab4b,Lang
8,2012-09-27 12:56:19 +0000,a4a455053e7e4a77320efd6db0814f4de82d754d,Lang
9,2012-09-27 00:55:31 +0000,c45d5bff75edfef6387d40e681f9dc7c9b517bbb,Lang
10,2012-09-27 00:09:15 +0000,afe5dff79fc23d222ba1f1481fbbf55e09d2e6da,Lang
11,2012-06-10 12:40:48 +0000,c821fafce06adefc040e8983fb12d49399a48627,Lang
12,2012-06-09 14:58:34 +0000,c9d786a4fe2639581047d878a64bab6fb24f1ab3,Lang
13,2012-02-29 14:39:01 +0000,bd59a1908a1df3364918be7b07782500616b15ac,Lang
14,2012-01-23 17:47:21 +0000,cf7211f9d7d70d56501d8c4c827bf9ce3cac5f0b,Lang
15,2011-11-17 23:59:36 +0000,8185a9e681d6de5f40b0ed07b40730c9761bad37,Lang
16,2011-08-23 12:32:52 +0000,13c7f19a5ad506340a7c8d8601ef4bf2426ab325,Lang
17,2011-07-14 18:49:51 +0000,b4255e6d071dc8d48bfc51037cecb29097b9a49d,Lang
18,2011-07-13 17:01:37 +0000,2aa9dca994b006ccbfcb528de5ff0da6a5578411,Lang
19,2011-07-03 07:55:33 +0000,0b3a8a3128890f710700d04e38df48b883d11d91,Lang
20,2011-07-03 07:04:38 +0000,f08213cc4c35fd71e98aa5233fcb2db3333793a2,Lang
21,2011-02-02 21:55:15 +0000,55f642725742513824975af0e5e91cb1920b6d72,Lang
22,2011-01-17 04:30:05 +0000,0b2b82ad923b0455cde93286e3f504a1abd0863b,Lang
23,2011-01-10 23:57:00 +0000,46356183872f2cba5e340993c6d85597a4f3cdbb,Lang
24,2011-01-01 06:56:59 +0000,81903abbb25ff92597d5f1e3acc648d12bdee444,Lang
25,2010-11-13 16:35:47 +0000,2bae68787d15c3d3540380164e62759485078ec1,Lang
26,2010-09-08 06:09:57 +0000,75d5b74a1a7ef68c5169f4b44cdf972c1ab07ee0,Lang
27,2010-08-03 04:41:04 +0000,c2560c028173c3bc0a4627d4ce5ce221bcc9be66,Lang
28,2010-06-22 06:34:18 +0000,3e1afecc200d7e3be9537c95b7cf52a7c5031300,Lang
29,2010-05-28 16:33:23 +0000,982e295053663787bb0396b81a8956c3c87dc25b,Lang
30,2010-03-16 00:37:07 +0000,19b6372018c6b800f8e2bf1b85e15ef4cbd500da,Lang
31,2010-03-14 00:54:03 +0000,38bf7048571f3bc8dd34d14691906426444e4381,Lang
32,2010-02-07 03:14:09 +0000,006fca88e86bd6f650d4d021d2ff3573a572827d,Lang
33,2010-02-05 21:31:38 +0000,0603aef594fa60126c2d45f2ab164eee39f7b44c,Lang
34,2010-02-04 21:57:58 +0000,496525b0d626dd5049528cdef61d71681154b660,Lang
35,2010-01-16 12:39:20 +0000,80bd78ea0685d28ddec9b8162d652db9dec949ce,Lang
36,2009-12-22 06:52:42 +0000,da0612b348fcfa7679b92a5e9b8e1603e8e2da3a,Lang
37,2009-12-18 02:50:21 +0000,ea140fb5c327e2b58f6c5bf1057c7dede909a50c,Lang
38,2009-12-17 06:04:28 +0000,a95e76eefb91bdd9cf1c22734874a3d3c95ed327,Lang
39,2009-12-14 07:51:05 +0000,cb40e35f5e0990fad4c5278964fcc24e112dde8c,Lang
40,2009-10-22 05:46:33 +0000,8b1a8e178abb46cc048a3982636b8ec4e6ffc8dc,Lang
41,2009-10-15 07:31:32 +0000,4d3629f310e84cc24c0e5f09d97f5126692d0128,Lang
42,2009-03-01 20:54:40 +0000,dd2ae757d12554f290931f0b3c05e33ad993ecd1,Lang
43,2009-01-09 22:05:14 +0000,eb3e2ae1f3734986a9f0225c661888baac3cb13b,Lang
44,2008-11-05 16:33:25 +0000,81f10d7f1ef52d44f43b38d81ac3dc1c83d45134,Lang
45,2008-05-11 05:18:02 +0000,d95fcd8e24568b4f9d3cb9da922a4029e293c793,Lang
46,2008-04-02 16:08:21 +0000,916639bda234a8e5a030361c4068667764b34cb7,Lang
47,2008-02-13 05:44:46 +0000,d5e343049c2610c31ddacb24f0d173942f6d5ac9,Lang
48,2008-01-13 07:00:22 +0000,eb8f74efb75e71fc91e515a38becc2aac203e339,Lang
49,2007-11-29 16:25:54 +0000,0ac772a4e3b07287c435fdc3c812f67277c85cc8,Lang
50,2007-10-31 03:58:52 +0000,659ef247b1452b6d5b9f92271357381fa59fea50,Lang
51,2007-10-27 05:07:45 +0000,a5589b39e985e64861bd920aa7b13ab32c215b06,Lang
52,2007-10-26 06:08:54 +0000,868f6976aea222e96259843f56df9aed8e48584b,Lang
53,2007-08-09 00:24:59 +0000,d3b1163073c7aeb6011a5b65bfadad15bfc0f108,Lang
54,2007-05-01 23:50:01 +0000,e89e8d62b911340cc5b293465cdae909f3dfd640,Lang
55,2007-02-06 22:49:50 +0000,3ef8a796b5ddf87e3e9afec9ba94aac62681b394,Lang
56,2006-12-26 22:05:47 +0000,672e3a8ead2970181c32cf5fc70a3ea3d020c1fc,Lang
57,2006-12-22 20:34:37 +0000,bbd990b81fd7f8ab9dde75c8070b973b9ce500fc,Lang
58,2006-12-19 21:50:04 +0000,1fd45a4f68ea497dfbdf1a67b8b8805a4a9b1166,Lang
59,2006-12-12 22:34:39 +0000,c04cd2337786ce7d54ed1fb757192fb8bc8c5e41,Lang
60,2006-10-31 23:00:54 +0000,a8203b65261110c4a30ff69fe0da7a2390d82757,Lang
61,2006-10-31 22:15:00 +0000,88c76d207f642831ca899e144159424aaa60cf8e,Lang
62,2006-10-31 21:34:03 +0000,1313a65c11dea54f1baf492d4185fb2d673b6716,Lang
63,2006-10-07 00:22:42 +0000,0695c3f71e3fc5abe29d8b9b33eed7faac7e73bf,Lang
64,2006-08-18 22:21:47 +0000,8de71ae52958ae70fe651b7327319c9beecd9b84,Lang
65,2006-07-21 05:47:07 +0000,bb1671667d9085fb76bd06af7f7ad91d2c1c8389,Lang
1,2007-01-10 18:27:20 +0000,fab38abb27f2f92b9340cfc232eb5517434bf138,JxPath
2,2007-01-10 22:37:24 +0000,716c03b3b12ec106974898451b149f6eb79c65da,JxPath
3,2007-01-10 22:54:59 +0000,984778f3c264df5d608eb9697df2a268122ac66f,JxPath
4,2007-05-16 19:47:47 +0000,9f912437a14392f8d4c98aa811e9134fbf7b5a52,JxPath
5,2007-07-02 20:47:47 +0000,2a01dfaf8d6abbabc7e4cd5cfd05d2e0b4886708,JxPath
6,2007-07-10 19:29:34 +0000,9b6406bf37af48e843b02fa8fd53dc673f3cbd1e,JxPath
7,2007-07-10 21:59:45 +0000,58fac658aba985ba77f8bd0156c6d01bec8d991b,JxPath
8,2007-07-11 16:44:01 +0000,1befe1b93eec887971e729b89dd4d900319a06b0,JxPath
9,2007-07-11 19:29:57 +0000,40689aa2f3e6e601b51f6c590dbaf079325da772,JxPath
10,2007-07-13 19:43:38 +0000,3b3e58d3d35aaa7e8e35c0856611f4bfc3f291c7,JxPath
11,2007-07-23 19:27:46 +0000,52d73022820d163104c6419f25ca955f86464f63,JxPath
12,2007-07-23 21:32:41 +0000,d52074012200f55cbd3635591b914e2c1b19674f,JxPath
13,2007-07-25 19:49:33 +0000,15a67164cbefb9f9ae03b334888947d5fe5dccb4,JxPath
14,2007-08-27 16:49:28 +0000,8a04f62fa755ec165152a03a516c186d20e8cd46,JxPath
15,2007-08-27 19:52:56 +0000,497ed5f8b0bb95ad7a97ea5f0cc517a0420e422f,JxPath
16,2008-02-02 23:16:01 +0000,6cf7092809515b6add5f0e83fd837b8e013c5256,JxPath
17,2008-02-03 02:13:59 +0000,a1bc20f2af31730caa12faa116e14a964354f28d,JxPath
18,2008-02-03 03:36:01 +0000,4882e4423ae7bfb80c65da4aa547ef5aed16a007,JxPath
19,2010-02-27 18:34:39 +0000,7b2847e882a9e4216dcf0f35d27101e363611532,JxPath
20,2011-06-08 17:58:55 +0000,820a69d81b3b5d33f4a2b2cd9f153450f7535452,JxPath
21,2011-06-08 18:19:50 +0000,99a20785daf2bfc018552e2eabed1067bf225013,JxPath
22,2012-01-20 17:58:11 +0000,afa2deca94436837e785b89362cfaaf84a8ca1bd,JxPath
1,2011-07-02 21:11:53 +1000,27a52f90a25699bebe23ff1ff94d6db361fdb11d,Jsoup
2,2011-07-02 21:11:53 +1000,bb4ead7c350695c1ed3c52d028090da4d4cecd1e,Jsoup
3,2011-07-02 21:11:53 +1000,0081d162cca8ad23b500b53799195fec644f261b,Jsoup
4,2011-07-02 21:11:58 +1000,5e52f1b266173593fab32fe9d8a4963066b2f2fe,Jsoup
5,2011-07-02 21:11:58 +1000,62afbdf6a85fec75fde38d327928a180bc5bccb3,Jsoup
6,2011-07-02 21:12:01 +1000,20ed24cefb5df53c48021459af98bef83c55f241,Jsoup
7,2011-07-02 21:12:02 +1000,82855b07f5336d30c70dc20548ab7ab8adeac05e,Jsoup
8,2011-07-02 21:12:02 +1000,da9b977ef99e2595602a964561906a930b4332f3,Jsoup
9,2011-07-02 21:12:02 +1000,2e4969497c5734d90d394103728bb517644f9157,Jsoup
10,2011-07-02 21:12:02 +1000,adce18ec3d06b849886d203fe932205f312cc37f,Jsoup
11,2011-07-02 21:12:02 +1000,f462438f2ebfb354c823cd2c0b677b0674f0e80c,Jsoup
12,2011-07-02 21:12:05 +1000,d0a7e3a00350ea9bdca6a1f005ccc75e5b2d19d4,Jsoup
13,2011-07-02 21:12:08 +1000,411c01ff53f56f0b84bee210ad75c8c2114efa55,Jsoup
14,2011-07-02 21:12:09 +1000,437d8eca9f51dd0ed7af5b828412ee96ac192f17,Jsoup
15,2011-07-02 21:12:10 +1000,7fe868089855c33d6345e740bfdbe6f140794598,Jsoup
16,2011-07-02 21:12:11 +1000,f36b950de16f6db134bd98969cd8fbe578d37480,Jsoup
17,2011-07-02 21:12:11 +1000,3d6f1e47ccf93d01364ed5f7603fa66d43eae0e2,Jsoup
18,2011-07-02 21:12:11 +1000,128b3f8212e357468cb608546a52da3826903fad,Jsoup
19,2011-08-28 15:14:35 +1000,c98349a7fb5598f0cbac88130520171bd6f253c1,Jsoup
20,2012-03-25 21:57:36 -0700,1d31086acba06579c4e7d5928dbba9ca8a0128b1,Jsoup
21,2012-04-02 19:40:56 -0700,249e5a8aae9324cc6c8caf5303a607056b15a9da,Jsoup
22,2012-04-14 10:48:29 -0700,4b0dde413a3c38a77461ac64ad278a042d6eea68,Jsoup
23,2012-04-14 12:31:46 -0700,1d37cef1d8367af963fee4dc99164708f5d3c6f8,Jsoup
24,2012-04-14 12:59:04 -0700,04b8921d4dcab019b02588620d953c4f19d43a58,Jsoup
25,2012-05-28 11:49:07 -0700,94002db5f90395b8927ae69c569e5a0726dd00c4,Jsoup
26,2012-06-03 20:40:32 -0700,d7b5d5b28a6dd7ff198f02e1ee82160220135a74,Jsoup
27,2012-07-18 22:33:01 -0700,8963e2ac79a97e694c388622e935a0471267e9eb,Jsoup
28,2012-09-23 12:16:52 -0700,a31ec08e102fd3832f3ff4449e9163440f0afb2c,Jsoup
29,2012-09-23 12:47:20 -0700,05ae97865c84536a6cfe7759ca6c382eb761ecb2,Jsoup
30,2012-09-29 12:04:40 -0700,dfac9ce465ff9c988904d05014d2be2715aa1d2b,Jsoup
31,2012-09-29 12:58:35 -0700,caf61a4a0778a72ab713f72e9ef749bf373c98ac,Jsoup
32,2012-12-23 14:03:05 -0800,0e37cba87eea9d89156c144e3d4298c9c9ed04d4,Jsoup
33,2013-10-06 13:46:11 -0700,2518e92a052d922d81d11e28b8e5205639fed9a7,Jsoup
34,2013-10-06 15:36:25 -0700,88730bf9f399aab6a150212faeea012598be9ec6,Jsoup
35,2013-10-06 16:20:52 -0700,76399e5b273d63d6affeb94597d8dfddce811964,Jsoup
36,2013-11-10 17:18:48 -0800,f052908ec90e12bdc6b67915ef2290aa9eefa48b,Jsoup
37,2013-11-16 16:48:43 -0800,c07ba8a34b6a6d6665928e106fea67bd9144e4e0,Jsoup
38,2013-11-16 17:12:31 -0800,9e9e15856d41f55cee4a215acae3c3866e78d200,Jsoup
39,2013-11-17 21:12:57 -0800,3f9f33d88355f22aefc7ea402da09fd1950289ce,Jsoup
40,2014-09-27 15:34:56 -0700,b033535fe2cf887de8076221a0d614abfcf17d7b,Jsoup
41,2015-03-29 18:10:57 -0700,8391b7231a2519557d41209d728acc4f422af381,Jsoup
42,2015-04-02 19:14:23 -0700,c01fcd338d73dc039e6a3a6cd2c449d9c9d41304,Jsoup
43,2015-04-21 22:11:28 -0700,11f7c1bd7a2d12f0b1150aa246c61afefd11991f,Jsoup
44,2015-07-05 14:58:53 -0700,3a7f39c507ed2b6809dc3a8bcc0a28ad19aab2f3,Jsoup
45,2015-07-05 21:21:02 -0700,3b4f9dfa91b6f1852c35baf79c4a13eacc6112c3,Jsoup
46,2015-07-05 23:45:23 -0700,3ba88d8c2ab500c07f9e2ddbc07a4bd01fadbd78,Jsoup
47,2015-07-13 23:11:21 -0700,a025d87deb9cc4cda49ae1b77feb0f29805dd7c5,Jsoup
48,2015-08-30 15:47:43 -0700,65553582d184e18de10e496b0eaa53fbe206ba17,Jsoup
49,2016-04-03 20:19:13 -0700,b2e37fca64877104cfdad3f56cdc2c8b98cb6be1,Jsoup
50,2016-04-05 14:03:04 -0700,c3cbe1b64e7f66ff9f9b53f1388eb135e6693187,Jsoup
51,2016-04-05 17:05:20 -0700,25e0e1e9ffca9a350d060db7d2179c5c9e459055,Jsoup
52,2016-05-07 16:11:01 -0700,4eb4f2b2e88a2f9e6c5c1e8d0477060954f24218,Jsoup
53,2016-05-07 17:18:58 -0700,a229d7354da5210a728ce5d43158d5cd780772db,Jsoup
54,2016-08-05 16:41:40 -0700,f148f88de365c50eea28d3e14093e13c33104483,Jsoup
55,2016-08-19 12:54:51 -0700,f0f0e41e6c581de43dfaa98f5c2af52e43e42e62,Jsoup
56,2016-10-24 18:01:41 -0700,c28e5bf53a9ce9e32ab84ce2e6eba87ec747d1a0,Jsoup
57,2016-10-26 12:58:24 -0700,2c58e975ab00eb369ee3dfbba07a4a78a1ef9e19,Jsoup
58,2016-11-24 14:36:13 -0800,f44d6e64ac97d4a5c119e3e22f22f4d87c94b7e1,Jsoup
59,2017-01-05 15:07:29 -0800,a623db776696c0e03f68e849147f6a0c57063c02,Jsoup
60,2017-01-05 19:48:35 -0800,8fecf72da0c9d1d6da7ec1aab0214ff68588da88,Jsoup
61,2017-01-21 15:26:56 -0800,83f01fd864e59fa69c894da06f4a15489222d401,Jsoup
62,2017-06-10 15:51:45 -0700,b934c5d3e30917de86796c89fcb7cd000f642a80,Jsoup
63,2017-06-25 10:44:55 -0700,35bceca331e07938a9c4cd62d68e08740cd39575,Jsoup
64,2017-06-29 15:24:05 -0700,195566fa6d4092c6983fbf497c37ae53a188fa90,Jsoup
65,2017-10-07 15:46:27 -0700,4fa93397353a7cd3cf15f9c29c40f8a18fc051e5,Jsoup
66,2017-10-09 14:55:26 -0700,c324fabe86c0a59eb635610dc85d8d7a7be25c74,Jsoup
67,2017-10-21 19:37:42 -0700,fb8b60b4d3d202c6fa708f60b8b4a5a53836af24,Jsoup
68,2017-11-06 22:28:56 -0800,adb7a15a1e2dd6742a25592602a6e8ee77b518b6,Jsoup
69,2017-11-13 00:57:36 +0100,f75f47397836ba2127f06c8390a87eada369f7cc,Jsoup
70,2017-11-12 16:02:31 -0800,aeaf3c1a03fe4d5bfda4d63824a1f97dcec42e74,Jsoup
71,2017-11-12 18:38:20 -0800,1d7e6fa1c5fb974bdae7abeabbb1e5a48dc00967,Jsoup
72,2017-11-14 11:34:20 -0800,b8411990753314ed3b746d3402dec5a65ff6d603,Jsoup
73,2017-11-18 12:52:52 -0800,3475dc846d78e56422b3e6fdf36dfd4416f359f5,Jsoup
74,2017-11-18 13:38:01 -0800,c3f8caa7c16c08b803b0f34bfffdf9777c7e382c,Jsoup
75,2017-12-03 14:38:17 -0800,f627193ce0950f0d55ed1b4f6a2fe9973447853a,Jsoup
76,2017-12-03 15:49:58 -0800,02668f757c59f0c1a7ad8f3169faf061b4b787c1,Jsoup
77,2017-12-22 10:25:08 -0800,df272b77c2cf89e9cbe2512bbddf8a3bc28a704b,Jsoup
78,2018-04-14 13:27:36 -0700,2c4e79b104c0ff32566ce247617d47c0b39cc2c7,Jsoup
79,2018-04-14 13:43:05 -0700,1028b37a1dfbc5dda7b18cbe692ab168c54fb505,Jsoup
80,2018-04-15 14:09:14 -0700,e9feec90dbd3e428dc1930c3b5efbd9271160d01,Jsoup
81,2018-04-28 19:58:51 -0700,e38dfd44829e13ee83fd62bfe937580f5a998c11,Jsoup
82,2018-04-29 14:42:51 -0700,6be19a6fa26e6e5e3d716283bad4b5de0348a8b7,Jsoup
83,2018-04-29 15:25:23 -0700,bdf1df7eb3ca76cdcdaca38f7df5d941bbb1c664,Jsoup
84,2018-04-29 16:16:12 -0700,a810d2e3615da9a37ad74a7db2ca8bc6945ab9a8,Jsoup
85,2018-12-22 17:28:00 -0800,25ba713e1d1a97ebfee38c0df3e7e6d4d9615f97,Jsoup
86,2018-12-22 18:19:31 -0800,38c13b5ae97c294afb859c49ded903beb7b9b100,Jsoup
87,2018-12-22 19:56:49 -0800,7ff7c43e9fbf4bbaf2b4517b3d4f8a429d87d3bb,Jsoup
88,2018-12-23 22:02:59 -0800,8b837a43cbe2c12624ab2088dc4ff9a725af5f4d,Jsoup
89,2018-12-23 22:27:31 -0800,1d663eeb1c0d1c08bcfe5d30f05170768bb0438e,Jsoup
90,2019-05-12 11:37:10 -0700,7de614ffd01161d8718d7458bab9d9690ad2334f,Jsoup
91,2019-05-12 15:28:35 -0700,247c5d05f4529e55aa1fdbd333f99e323809b5e0,Jsoup
92,2019-07-04 15:26:11 -0700,0fc3d6728ae270fb38f9778ad7fa2663060b50c7,Jsoup
93,2019-07-04 15:54:14 -0700,a9439f0c503ac8e0f009a0ec39f8bff1a6271d51,Jsoup
1,2016-01-06 19:35:47 -0800,2d7683ed820116b77cba9b4b290cd7ce7dfa5cf4,JacksonXml
2,2016-06-09 21:09:39 -0700,37eb331acce08142ad027f127c355f9b462fe9e0,JacksonXml
3,2016-08-18 15:07:01 -0700,79a4b57f2bbe08ce46e6dabb0a8b76f4a787141c,JacksonXml
4,2016-11-14 22:34:17 -0800,2c5f6f4e0f7bbcfa566fbc91ee57baf8dd7a371a,JacksonXml
5,2018-05-21 12:28:21 -0700,8aa276ba6b2092a562195f9a94eb562686a3352c,JacksonXml
6,2018-12-05 22:08:44 -0800,8fd9463dad8d2232c1e947403ead465d6a3e5f73,JacksonXml
1,2013-05-17 20:05:18 -0700,88f44d87d4c2251d7cf55d9aa9c3452a397ae19b,JacksonDatabind
2,2014-05-28 21:53:45 -0700,9c5fec2302237ede0e797c13c0663a6bb52c798c,JacksonDatabind
3,2014-06-03 18:57:54 -0700,fa1d99255915f21c868f28307fd6e3adb2029ea0,JacksonDatabind
4,2014-07-24 22:33:25 -0700,9e080e298d8c0cfd7d77a56eb93d85a5da322555,JacksonDatabind
5,2014-08-13 16:04:04 -0700,fd0f1fefdc19593a040b3dce857715d613cb6458,JacksonDatabind
6,2014-10-02 23:16:26 -0700,5e799a2e2265cbb6a056b37b50f82cc1eebf1d45,JacksonDatabind
7,2014-10-28 20:32:47 -0700,bcccd3e82241db25a2f34ed655dab88395089f39,JacksonDatabind
8,2015-01-02 15:38:56 -0800,3b041e3bad5968ade7f7519daeef6695a8f6b7f9,JacksonDatabind
9,2015-01-19 22:14:14 -0800,00bb11edc3581f42e1f3c78a047538c8ea9eb0d9,JacksonDatabind
10,2015-02-23 16:53:56 -0800,466f706901d39ae95393c6c7b1d0b544247922f1,JacksonDatabind
11,2015-03-19 20:20:44 -0700,66bfe6658e6c25e03d1bcd5d4d858e1aaf738a01,JacksonDatabind
12,2015-03-26 12:49:58 -0700,1d57c20dfd79c64837cf1ec357ab402f2158227e,JacksonDatabind
13,2015-04-02 11:48:36 -0700,59af571c64a169eccd670337f097ff4be44a2262,JacksonDatabind
14,2015-04-02 12:53:18 -0700,817a45a07040297a5db45dd04e79b010146b7e0d,JacksonDatabind
15,2015-04-02 14:32:26 -0700,119ddc9701c94ac184362166742ceaa7437eec8f,JacksonDatabind
16,2015-04-26 22:42:17 -0700,db612bb3839581d0a88297667880cad548c018b1,JacksonDatabind
17,2015-05-14 20:56:50 -0700,a143c05db7a911f98f8bf59beb13cfcb7689395d,JacksonDatabind
18,2015-05-21 15:28:03 -0700,2abf5a321405a82ed4e0d3a7c876c82bb05188f9,JacksonDatabind
19,2015-05-28 14:27:57 -0700,354e1390bc397ef048ffd5d905b0709a3a2585ef,JacksonDatabind
20,2015-06-04 21:14:49 -0700,6456a9ac0bee09e2ae45ae56739102a8071f217a,JacksonDatabind
21,2015-06-11 14:10:54 -0700,707db7a972e2d088647450f9a890c438fb735933,JacksonDatabind
22,2015-06-25 15:08:36 -0700,a92e2be0ccbe6732e1fef39bf48b0f9dcc559fd6,JacksonDatabind
23,2015-07-01 12:29:21 -0700,6172d7561007a941b01f960dd44d94a92f3ad763,JacksonDatabind
24,2015-08-06 22:12:59 -0700,b4ef0a65150a7311ebb9119b1ac6898e33dc0baf,JacksonDatabind
25,2015-08-09 14:19:48 -0700,9917c94d94a285ece80e6c9f3d2b9fba06d98fd7,JacksonDatabind
26,2015-08-14 15:44:02 -0700,2ea6e402d4cf86c3f7e9a16e667a40bab61cf11c,JacksonDatabind
27,2015-09-11 17:29:17 -0700,f2f611e701c63c8e98e59f315641bd2bf2921aea,JacksonDatabind
28,2015-09-23 16:04:09 -0700,b049739cc66a0f79c19dd1cea47e922d95645023,JacksonDatabind
29,2015-09-29 21:10:19 -0700,30b5469753686548ca7a590dd1bc5114181e68a9,JacksonDatabind
30,2015-10-10 16:41:58 -0700,ca6c3fc55eb74e21fe90e18da33723fb99b22f21,JacksonDatabind
31,2015-10-28 16:32:31 -0700,fe25f7e14d92f5d4746549e7df22e9af35fdf54b,JacksonDatabind
32,2015-10-28 17:22:05 -0700,d5a25f4300a93f4c411a7b8364d34122bc0a1b62,JacksonDatabind
33,2015-11-20 14:02:01 -0800,660ec8f8c081646413d14adf41d55bbd4362a5a8,JacksonDatabind
34,2015-12-12 11:29:04 -0800,6b471c37efce0a3205dff387efd3473980be648f,JacksonDatabind
35,2015-12-17 21:49:10 -0800,cecd409aa97693beb87c4e9ca34ea7f734676216,JacksonDatabind
36,2015-12-23 00:12:59 -0800,c48e992652125eb74aea8ead8cbda5fd0b44976a,JacksonDatabind
37,2016-01-15 21:02:56 -0800,dbf0c6f4c93d922a2ebb4d744661e7090fef2aac,JacksonDatabind
38,2016-01-28 17:39:14 -0800,21a2e4b7d680bf796f07d5d3b6119a3cd3fc356c,JacksonDatabind
39,2016-01-29 22:29:46 -0800,308ed4ed89b32d119b5994e457597275c6a0af7d,JacksonDatabind
40,2016-01-29 23:01:19 -0800,21ca92134c900809278c987cd02d0b2335f4fb1f,JacksonDatabind
41,2016-02-03 09:39:33 -0800,729c0fecc5ba6ac7749c7ea84d4a33dcb5cfa4e4,JacksonDatabind
42,2016-02-09 16:43:49 -0800,2d90441ef0440f3a2f910b210234cb8b709ca727,JacksonDatabind
43,2016-03-09 11:20:58 -0800,a290f09c4ba55b7724375099f5cf0cd0a9b48011,JacksonDatabind
44,2016-03-09 15:30:34 -0800,700617aa96fdfb3259a1e8001c1bee24deaec34a,JacksonDatabind
45,2016-03-12 14:24:47 -0800,bacb37f41b4b8db75d6f1731e8c9afd56c6247dd,JacksonDatabind
46,2016-04-11 21:01:14 -0700,cb6717764c0460f560e1b09478faa4dac692e8f3,JacksonDatabind
47,2016-05-19 15:36:04 -0700,ebadfd25ed1244b170f7af2414c35673eb055a29,JacksonDatabind
48,2016-05-24 22:15:03 -0700,fe32b967f6b029a10ec1d40f7e12c8b37ba32ee8,JacksonDatabind
49,2016-06-04 20:27:07 -0700,644487bf9b525b26734bfda1780b272b52631c5e,JacksonDatabind
50,2016-06-14 22:14:57 -0700,567d6c09a868175626a0b404dc1a8f128f7746f2,JacksonDatabind
51,2016-06-19 22:49:28 -0700,36631a98a1199be01b9fbbcc66ac2afa4ad82dfc,JacksonDatabind
52,2016-06-21 22:58:47 -0700,ab8a20f6447da482bd0430498b482d06867c9c50,JacksonDatabind
53,2016-06-29 21:43:40 -0700,75a0953bcf6275a486243a67e91774c8d5ffb6ca,JacksonDatabind
54,2016-07-12 22:37:47 -0700,f7e476edb42236ad06ab7084ecd5e6c5405bf99a,JacksonDatabind
55,2016-08-15 22:19:04 -0700,2936ba525b22c3aabbb2fc914d1a191938b2375b,JacksonDatabind
56,2016-08-24 21:34:28 -0700,07b6d6636670b2a9f14ac265186790db11cfd52d,JacksonDatabind
57,2016-09-01 18:36:27 -0700,bbd8190030022df404a8f7c47c1bc32e990cb0d2,JacksonDatabind
58,2016-09-07 21:11:38 -0700,b2ccdee0fdc52cd46577a90cb50dc011d6d681bf,JacksonDatabind
59,2016-09-25 23:10:58 -0700,e59194aaff0a6e520184138924c69045160ee9d9,JacksonDatabind
60,2016-09-28 15:49:01 -0700,be114a9a286c4d194cd268ac8153173c52619a8d,JacksonDatabind
61,2016-10-03 19:37:23 -0700,82c346ae999e1e250fb52732419aff9a86b1f455,JacksonDatabind
62,2016-10-04 16:07:13 -0700,4e94c0ed9eca0caccb57feb0ceb252fc91198032,JacksonDatabind
63,2016-10-06 19:27:32 -0700,ab4f17f355402fdfa43994e8b1809f14ccce030e,JacksonDatabind
64,2016-10-16 10:54:38 -0700,ea30c7b4d7c4621f777aed4cb4552a2c1e2270a4,JacksonDatabind
65,2016-10-24 17:03:01 -0700,9a666887d85349b35e0d80885a7c7cb38029467d,JacksonDatabind
66,2016-11-02 22:17:18 -0700,cd5430a91723ff8cd61928524ec21ab4e14b20f6,JacksonDatabind
67,2016-11-09 20:39:22 -0800,d906a34178f27803a08e824e3c2474fc0863edc4,JacksonDatabind
68,2016-11-11 19:28:53 -0800,d0cfb645350fab16bf61fac140b69ef55f8cba2e,JacksonDatabind
69,2017-01-09 13:42:27 -0800,d44600d3750e5dba9fac68aee7248ed2a80a2225,JacksonDatabind
70,2017-01-09 21:38:36 -0800,d7155de6c37db3301b92b755bd0a02388f7dd07f,JacksonDatabind
71,2017-01-24 18:58:19 -0800,23a733207bc88a06ee486a5896b7b0c4ebbbfef4,JacksonDatabind
72,2017-01-24 21:41:59 -0800,63afa5297a0b8bcbf31b9c91e5d15537e0fdbdd5,JacksonDatabind
73,2017-01-26 19:12:29 -0800,4d34006e4d8a566c6c64a3a0e04c17e50d63bb82,JacksonDatabind
74,2017-02-23 10:00:47 -0800,10d5ab37f06f7925bf959312bfb6211f5bc4a1cb,JacksonDatabind
75,2017-03-07 19:52:29 -0800,ce114737139538f72d2a7a994db41befc32362fe,JacksonDatabind
76,2017-03-27 22:05:43 -0700,e08dafef4faa7d71330160dafcbe77536d90e809,JacksonDatabind
77,2017-04-13 15:08:10 -0700,6ce32ffd18facac6abdbbf559c817b47fcb622c1,JacksonDatabind
78,2017-04-13 16:03:24 -0700,60d459cedcf079c6106ae7da2ac562bc32dcabe1,JacksonDatabind
79,2017-04-18 12:46:33 -0700,ec859af181fa5b2da62077d00154e3c13c9d8f28,JacksonDatabind
80,2017-04-27 20:32:14 -0700,974ccddfd718a06f889da2dcd58ebb6bc22c8dca,JacksonDatabind
81,2017-04-27 21:10:46 -0700,029413a6e381bb04b7b0a420730d3119e9cc0961,JacksonDatabind
82,2017-05-04 12:48:52 -0700,4a2b1ae08ded66b77e05bf8fa0ac8a2e8c60709d,JacksonDatabind
83,2017-05-19 13:07:44 -0700,9a083ad56b20711eab368a7818fb079a870feb93,JacksonDatabind
84,2017-06-08 11:01:29 -0600,1a0326fbc31d3d9f1e5145dc71b937820142d111,JacksonDatabind
85,2017-06-08 22:20:50 -0700,93f7e14d096181a251aae3355464d24bcd7677a5,JacksonDatabind
86,2017-06-08 22:36:00 -0700,3d743477e1531cd3c4c041941f047eee5b040924,JacksonDatabind
87,2017-06-13 21:25:31 -0700,5a0ce57b5d3a6d30420267b56b3d2282c76df581,JacksonDatabind
88,2017-08-17 13:43:37 -0700,f2c445d6d2de988531dcda25da81fda129bc53f2,JacksonDatabind
89,2017-08-17 15:12:47 -0700,ddfddfba6414adbecaff99684ef66eebd3a92e92,JacksonDatabind
90,2017-10-23 20:02:43 -0700,a1404d5684783ccf28dc1b0a2791ce7c0c311907,JacksonDatabind
91,2017-11-01 15:36:43 -0700,dfaca81ae7a82b7c3018f265815e98a5138118f7,JacksonDatabind
92,2017-12-12 15:05:35 -0800,e865a7a4464da63ded9f4b1a2328ad85c9ded78b,JacksonDatabind
93,2018-01-05 12:45:14 -0800,755e3bc0cbea30de0102f6a88519a0c34d571bbd,JacksonDatabind
94,2018-02-10 19:22:01 -0800,6799f8f10cc78e9af6d443ed6982d00a13f2e7d2,JacksonDatabind
95,2018-03-01 14:28:31 -0800,18dc249e793b15e40e67753ea5e988bd428b1a92,JacksonDatabind
96,2018-05-25 15:46:15 -0700,dd57a2dd576a77423553c197df109a5b60c1c669,JacksonDatabind
97,2018-05-25 16:25:23 -0700,0e06d15b5ce1d5f16d8bcd69e2418c18009bc1c8,JacksonDatabind
98,2018-05-31 23:15:31 -0700,12f82c60782f05015336bb6305fd72c133a410b5,JacksonDatabind
99,2018-08-15 07:13:38 -0700,bc91126c55dc513735a2a95ace4c00a6021c76f4,JacksonDatabind
100,2018-08-15 16:56:18 -0700,d98ae778876cddd5ed3eacab9e5daf55186ff483,JacksonDatabind
101,2018-08-28 21:59:18 -0700,644831ce403590db4dbeb8ee47adb3c393438fb2,JacksonDatabind
102,2018-08-30 19:43:43 -0700,323cd0b309697021f1883de1e53038d2d09fc160,JacksonDatabind
103,2018-09-05 23:17:05 -0700,f6cf1817509dc5ed61b9730c17abe492cc62b074,JacksonDatabind
104,2018-11-22 17:43:25 -0800,83c7c4347055c3a70a3115fa106aa69c9cb56456,JacksonDatabind
105,2018-12-06 21:35:10 -0800,69903aeb290415809bfaf6a2e18ec6cb2141fc5a,JacksonDatabind
106,2019-01-16 22:20:38 -0800,6ef86656aa504309ea3d89cf98ce45d11d6ea9c6,JacksonDatabind
107,2019-01-17 22:38:33 -0800,f3a1798076d9dc71883d317c8e97c4e033fcee98,JacksonDatabind
108,2019-01-23 22:46:03 -0800,e797b2271ab9a00b99694a963728f3835f31d1cf,JacksonDatabind
109,2019-02-04 17:51:04 -0800,e287a62cd32832d5a9611d5b8f3bc06ec1310dc0,JacksonDatabind
110,2019-03-02 17:39:43 -0800,83264a7e377bd3399f0b550460077959aaece16d,JacksonDatabind
111,2019-05-07 20:48:24 -0700,f36222e5c0b318e2b739e2b77b93c5d2c919413f,JacksonDatabind
112,2019-05-10 22:48:16 -0700,8bb7c9abca9a2e298a2436cb995ba1721e49de5c,JacksonDatabind
1,2013-08-28 21:04:32 -0700,b40ac81d4a81736e2b7536b14db4ad070b598d2e,JacksonCore
2,2013-09-21 11:26:42 -0700,38d6e35d1f1a9b48193804925517500de8efee1f,JacksonCore
3,2013-10-08 10:03:44 -0700,911cca0254267decd90a4b6a9c0610549309a451,JacksonCore
4,2014-09-24 20:12:47 -0700,3baa7d6742f7460bfb0af8edf48bf1575658109a,JacksonCore
5,2014-12-07 10:16:55 -0800,0d9cd9fa434c0070638332b7f2243af0277461eb,JacksonCore
6,2014-12-30 17:09:51 -0800,d99951470163764b3e01a119dab2822e5fd98204,JacksonCore
7,2015-01-15 16:10:26 -0800,5cddffa133e7de41fa9efb5962cf3d0cff9b3e89,JacksonCore
8,2015-02-19 10:59:06 +0900,11f0b4090937b2aa998734aa2bf032ee8c428e84,JacksonCore
9,2015-03-30 17:26:08 -0700,698f3a73d4e20594357e10fc7bb5db57bb8f7780,JacksonCore
10,2015-07-31 19:43:48 -0700,c2823b4de28120d86aeba9215f0231d990a8eb47,JacksonCore
11,2015-09-09 10:59:56 -0700,be4386724ff18232aff492cb9145288df86ea61c,JacksonCore
12,2015-11-25 21:02:31 -0800,fede6c9df74d370f2e728b5c46e14bd570abb83c,JacksonCore
13,2016-02-22 20:11:12 -0800,d58d420f116e854bfd7b155cc1aed4e32939e1da,JacksonCore
14,2016-03-07 23:01:17 -0800,3c2c9610b6c76e2b348eb057d0a8268681d573a6,JacksonCore
15,2016-03-21 21:27:04 -0700,ecf088c391de0deb5a4297e51e9ce960b3924e09,JacksonCore
16,2016-07-01 21:11:25 -0700,e052c319eccd6086c28fa5371807d887ebe302cf,JacksonCore
17,2016-08-18 23:09:52 -0700,554f8db0f940b2a53f974852a2af194739d65200,JacksonCore
18,2016-08-24 22:53:20 -0700,96642978dcf1b69cba68ec72cb2f652d59a8b5be,JacksonCore
19,2016-08-31 21:09:22 -0700,345cad5b2f4c06a1bcc6794311a31226e9f2bce7,JacksonCore
20,2016-09-01 15:32:46 -0700,fa64390b1bd5f1435daa9d2b17a58594cfb22817,JacksonCore
21,2017-05-23 16:08:31 -0700,96faf2ecd985dfc838e2bf6f6ae4d9d4b310861b,JacksonCore
22,2017-06-04 05:33:06 +0200,6feec20c842586056aa5b19c402b26be08c88ca3,JacksonCore
23,2018-12-11 22:06:44 -0800,157f2c490003c7494af8ecb7d57880cda1fde736,JacksonCore
24,2019-01-16 20:42:31 -0800,c4dd84e4d505baa90d8d1675c1f60f8d6ce90db8,JacksonCore
25,2019-01-16 23:06:00 -0800,ad47c206f4fbf22f439f3d66871757891f549f6a,JacksonCore
26,2019-04-05 20:34:58 -0700,d83ce8aec99f4e99afdf8fd172d77ce771f8ea35,JacksonCore
1,2010-11-02 03:32:39 +0000,c6a4f55d1a9b191dbbd958c366091e567191ccab,Gson
2,2015-10-22 09:29:01 -0700,fe101c10bc3597d8e715a31d94d2cc0cc54b660f,Gson
3,2015-11-05 07:25:34 -0500,64107353a37e623ed1f8fecb4422c24212cf6fe1,Gson
4,2016-01-18 15:16:01 -0500,af68d70cd55826fa7149effd7397d64667ca264c,Gson
5,2016-02-02 20:23:52 -0800,8383f5c7fa34ae68323fe2816ef8c1307b5d0f84,Gson
6,2016-02-26 13:35:59 -0500,dea305503ad8827121e8212248c271f1f2f90048,Gson
7,2016-03-12 15:51:22 -0500,2b08c88c09d14e0b1a68a982bab0bb18206df76b,Gson
8,2016-04-22 06:47:08 -1000,0f66f4fac441f7d7d7bc4afc907454f3fe4c0faa,Gson
9,2016-04-22 14:54:25 -1000,874e74a3072f7ff0d2533296698ad126321516d1,Gson
10,2016-05-17 17:26:52 -0400,bb451eac43313ae08b30ac0916718ca00c39656d,Gson
11,2016-11-25 23:40:14 -0800,44cad04a639b3a53f4205f93acda37b3f7d10871,Gson
12,2017-02-15 18:41:39 -0800,9e6f2bab20257b6823a5b753739f047d79e9dcbd,Gson
13,2017-04-19 14:26:36 -0700,9a2421997e83ec803c88ea370a2d102052699d3b,Gson
14,2017-05-30 17:47:04 -0700,a300148003e3a067875b1444e8268b6e0f0e0e02,Gson
15,2017-05-31 09:50:44 -0700,ada597e69a78b8b99f79f79493cbf51e16045202,Gson
16,2017-07-31 10:50:29 -0700,03a72e752ef68269990f984c9fd613cfd59224bc,Gson
17,2017-09-17 23:49:13 -0700,7a9fd5962dce7f277efa15fcc996606be0733bac,Gson
18,2017-09-21 17:50:41 -0700,b1fb9ca9a1bea5440bc6a5b506ccf67236b08243,Gson
1,2012-03-27 00:49:17 +0000,de1838ea067f3fbc4c7c21b9eeae077c739ecb73,Csv
2,2013-04-08 19:34:38 +0000,a0d975933d6fe9eb5f359088de43508c1d3109bf,Csv
3,2013-05-03 01:10:34 +0000,2c6120826245f89fedf2f936ab4a0c3edd8717f3,Csv
4,2013-09-18 14:57:57 +0000,22601f647f2ce9a05fa4ce20ea356492c670940c,Csv
5,2014-03-13 00:16:57 +0000,73cc5246cf789db8f459e2f539831b6e91bedd26,Csv
6,2014-04-22 20:20:17 +0000,9f03b06a1ec8cb2cb64aec6068d2a6c1f663fbc9,Csv
7,2014-05-04 16:22:34 +0000,ce4e72701b1ad4caabc3bd668bd058fff082f2b6,Csv
8,2014-05-07 17:27:31 +0000,35d101c2adecd51730f88e43941d85d16034886f,Csv
9,2014-05-15 16:26:26 +0000,2480dffa6d8343b189c6fb57b88b325c45f0b83f,Csv
10,2014-06-09 22:21:22 +0000,1282503fb97d621b4225bd031757adbfada66181,Csv
11,2014-07-11 18:42:48 +0000,b67524da7fd146634c7112b23e95d1d45c398b82,Csv
12,2014-08-27 14:12:40 +0000,c81ad0328eefb438cc875b9c9f081be93f9fdcc2,Csv
13,2016-01-19 02:34:19 +0000,f8b80e83417c3c7eeed1282118f64fa0e85c4787,Csv
14,2016-07-31 00:21:35 -0700,190390bf5dd83d6137ca3045902fcecbeafa3227,Csv
15,2017-12-11 11:16:01 -0700,8b3de71fd99d0fa07cb6a3a35b583bbb170aab66,Csv
16,2018-05-18 14:24:50 -0600,f368f64fa7f9acdcc01084f676e8b9c2b86f946e,Csv
1,2009-03-26 10:36:45 +0000,004124ac5dbf5edbf925078652526267468821e7,Compress
2,2009-03-30 16:31:15 +0000,d09177b98f4e956c1d366110f73c3341ea110bee,Compress
3,2009-04-22 06:05:23 +0000,d170f34fa65e19b604f5a9e04e6ed5f81d35658c,Compress
4,2009-04-22 06:26:09 +0000,6273f3a6b804aa845747c8859d659373b14199e1,Compress
5,2009-10-30 05:29:17 +0000,dc3fc4703211876fb38cccf55adc92ee5cbc28d0,Compress
6,2010-01-07 09:34:55 +0000,5066e9aeb98f386b29a31cd4acb97aa43844cd30,Compress
7,2010-05-17 14:51:17 +0000,2d858d5c7cc30313c9c3c8ef4a5e8d34d67a395e,Compress
8,2010-06-02 11:00:25 +0000,35e4e4fb6848ddfa3878270523f3f9336ae7f9b8,Compress
9,2011-10-23 12:15:13 +0000,fdac1475918e93444b08a024d096b4ec39d6733d,Compress
10,2011-12-05 15:39:52 +0000,347660646cfad588481c13058842d49fa3779f84,Compress
11,2012-01-29 20:56:50 +0000,a933173f486614073b68b6c0a6ef09a9c72c94fc,Compress
12,2012-02-23 01:03:01 +0000,bc84d2083e4b1da77547bb4e810a06553e8f0bed,Compress
13,2012-02-28 05:00:26 +0000,c75c10faae27781aeb51713f42153cad1fd242a4,Compress
14,2012-03-02 19:59:50 +0000,40f2e6380094ebfdc73e4adaf4059b80e1327aad,Compress
15,2012-06-03 15:30:31 +0000,4becc32881aa983d69359b475892a4f2bc6e5b89,Compress
16,2012-07-07 05:30:40 +0000,9bdacbfb9631d3a3710a64f35482c643b78a2e79,Compress
17,2012-08-05 19:51:15 +0000,ab456436d20f386641e605c17de24cc8cd3c1770,Compress
18,2012-12-27 21:34:35 +0000,09b8f6d78e18b927491fc299973146fa74fd977f,Compress
19,2013-05-26 17:36:35 +0000,e860d2f3eb16d84e146a8a700d9dbd3af01df4ba,Compress
20,2013-08-08 16:18:45 +0000,040e42d0f0bebc15ca80cb80fb6db53804b2e082,Compress
21,2013-12-20 12:13:11 +0000,5c2d32b322fa797cf428b35c4c5998173d6403d5,Compress
22,2014-01-20 13:26:08 +0000,71e4eeadcfc5eb390eca1142fc1f6ee5b1b4d5c1,Compress
23,2014-01-22 05:13:34 +0000,cbb5a1ad9b0b80f717ee71dc0fc765afdc1601c0,Compress
24,2014-02-21 05:20:08 +0000,8da377299d085b4ce1f15dbc0732232ea32e601d,Compress
25,2014-02-21 14:21:12 +0000,aed56110ff582b96aecf7675a9cfe5247ffa3e7d,Compress
26,2014-04-12 17:05:57 +0000,557800a53cedad99afc951032a11931f3e39bf13,Compress
27,2014-04-19 06:00:19 +0000,1ea7e01eb6776071eddf60f7783d650ec7d60e74,Compress
28,2014-04-27 09:15:33 +0000,ddb5fd6d8e4d5fa9f7fa659c93fb6eb04f238689,Compress
29,2015-02-16 23:13:01 +0000,d50feb67569fb5881b8a2ff5996f656c5f207c2e,Compress
30,2015-02-20 16:18:00 +0000,5cf68bdc46c7bcc0fc5eb3cacd1c84514ef552cf,Compress
31,2015-02-20 16:30:45 +0000,f8bf45444c49053a92f6f560c5008d5ac43aa27f,Compress
32,2015-05-08 19:11:27 +0000,3c4a09bf28e7cd600b919b8c799fbbfd19a94c0b,Compress
33,2015-05-23 15:05:43 +0000,b72b5c716ac18150396d05988d9eab745bea02b9,Compress
34,2015-08-22 19:01:32 +0000,e6e24766377e705e89358fb9cf6253e2e9e645db,Compress
35,2016-02-05 21:20:19 +0100,7250daa429020181bb5a4c40d1aaa169631b8496,Compress
36,2016-04-24 13:22:34 +0200,d0501577d37b594c3ff59a39ac211f7a1b170fa7,Compress
37,2016-05-20 18:18:05 +0200,19a620c904587dc0397b43bfe9071ff60033c097,Compress
38,2016-05-20 18:42:10 +0200,823cdee9b18508e9e51913d110a20a406f55582b,Compress
39,2016-06-07 18:23:48 +0200,11840dfde044fec90b0cb4a715ce9d213acea3ca,Compress
40,2016-07-01 21:37:24 +0200,52dd5908e374973d69c51856b74d4d93d591c90a,Compress
41,2016-12-09 23:01:42 +0100,f015344879f1bc3505bc616fc7ae517cf9f60838,Compress
42,2017-01-15 22:07:19 +0100,c59fc43c527610ae18d7596eb191817ce674cb29,Compress
43,2017-05-22 18:11:06 +0200,d75b89856ef29bbec6784cd6aa714eafe0eeb312,Compress
44,2017-06-17 20:29:37 +0200,6f379134ae1807cd404ed6c9579707e5dc6a6df0,Compress
45,2017-06-17 21:47:10 +0200,02735ad7e6313515a846bc15bcc89cf254f8161f,Compress
46,2017-07-04 08:51:32 +0200,cd1d329dba95dae161317c123269c24282001a66,Compress
47,2018-01-14 12:12:50 +0100,c66db899cb061c79934986f0efa19a50ca33703f,Compress
25,2015-06-04 20:36:25 +0000,73d69dfe8677210e44049bc1a2a7d1ff85bc1ca7,Collections
26,2015-09-28 08:53:44 +0000,f8bd75d37ca12c5d49c1b628c33c0b45e2d082eb,Collections
27,2015-11-14 20:24:42 +0000,3eee44cf63b1ebb0da6925e98b3dcc6ef1e4d610,Collections
28,2016-08-04 17:32:17 +0000,a270ff62852e62b5ac0f943a7e57292a72b77271,Collections
1,2008-04-27 00:35:56 +0000,52d82d1dfff8c2b2ded9d843e0b03017af6d747c,Codec
2,2009-07-13 22:33:28 +0000,b8c2d9d9dc9aab45f83cf49ac93cfa8546e4c08e,Codec
3,2009-08-02 22:45:30 +0000,a5dfe5cbc95d7f3ce0b4829756690c2cb8439f4c,Codec
4,2010-03-27 00:02:22 +0000,bcfef8906931a7929a6db14b9d82d387fd3f17f6,Codec
5,2010-06-01 21:52:33 +0000,800f0531068ebaf2f2d257bb1bd805781ddd4760,Codec
6,2011-01-21 19:19:51 +0000,d74fc31604c805a47c44d7853f63a3b06ad6c016,Codec
7,2011-01-23 05:52:42 +0000,954d995c5603b616c3c4a9ffb1823f36dd7ebcb0,Codec
8,2011-01-24 00:46:09 +0000,2c13032a16e37b7bc9e0272d25fc185b5c82b42e,Codec
9,2011-01-26 23:40:25 +0000,c5291ab1ca4d4d7a041874a66b1c05b7d5c02ccb,Codec
10,2011-03-01 17:56:14 +0000,41c68e9ef470696009d72133c7f05a20e2728e34,Codec
11,2012-03-07 15:34:01 +0000,7e8c20bd1b0593c3496a168be573aed40609a433,Codec
12,2012-03-19 18:33:42 +0000,1fc451c79779bdbf788e8bfbec6dc031a47495d8,Codec
13,2014-04-10 13:51:06 +0000,37ba197e62d6b60037d18afc33801e6221f1b8c6,Codec
14,2014-07-05 19:58:38 +0000,39d5df29fb768fd257f9d328b99f00bc69ec864a,Codec
15,2015-03-22 18:48:52 +0000,28b7b958d39730fc278fd1919bf335c52133a1a2,Codec
16,2015-06-04 14:01:15 +0000,c82fe35c48bd0082c16644d16d82d1be79d6b9d1,Codec
17,2017-03-26 17:22:08 +0000,d2f27093d7d95a07da901902f894d88b4ecc3e95,Codec
18,2017-03-26 21:43:36 +0000,5ef5bd199a4e3df74479b4b363fa29b0b3092547,Codec
1,2013-01-05 01:20:43 +0000,1dfad5043a207e032a78ef50c3cba50488bcd300,Closure
2,2012-12-22 00:16:42 +0000,d1cfe67977d8f3aaa85ec20c262171da394d5977,Closure
3,2012-12-19 19:55:44 +0000,d80fcc04239ab8c4cf781273c4f9bc54cf06f479,Closure
4,2012-12-14 20:20:30 +0000,efefb736fccc2039b5fb079710b3f2ac82b8c6e4,Closure
5,2012-11-20 22:15:38 +0000,59eec92e364b2ec2cec9dd63449f5c0134983f18,Closure
6,2012-11-07 19:30:17 +0000,9f7a353385bf0b93cdaeaa56cc5b1450db790127,Closure
7,2012-10-17 15:53:59 +0000,e736b1c92981fafdc87f3f41f66918305f173734,Closure
8,2012-09-28 17:52:12 +0000,6300a43566d4adcf8828128267808a8740edc835,Closure
9,2012-09-27 19:18:58 +0000,e9c15465c000c19ef4e0b8f68a680589ae4111d7,Closure
10,2012-09-21 17:50:43 +0000,0884a4cbef1c82153ef306477a12af0480385a35,Closure
11,2012-09-12 22:16:03 +0000,482b767639e6eec7c30d8898851560c41b66d885,Closure
12,2012-08-10 19:39:40 +0000,d06ac163013a3779fcec7c2f544ba99d08f69f58,Closure
13,2012-08-02 17:53:06 +0000,d6d733f461ee5ba26e9326c1c7609f1f00d6d2db,Closure
14,2012-07-24 21:04:32 +0000,4b15b25f400335b6e2820cb690430324748372f9,Closure
15,2012-07-09 21:33:55 +0000,968b3f467f51c6bfec18af1fbcf980a0f19a1fb3,Closure
16,2012-07-09 16:18:36 +0000,3b97e5e4212c769daa22a96094ed19b4658c8760,Closure
17,2012-07-09 16:00:23 +0000,33ab4df84afbdb36216b8a1ea3a526c438615e26,Closure
18,2012-07-03 04:44:08 +0000,ea119a2d06328852763f9ee447c3bf74fa1f83dc,Closure
19,2012-07-03 04:13:14 +0000,686146c4de7d2bd985156ae15175365633dd0f94,Closure
20,2012-06-21 22:45:36 +0000,ebf229b05f4ee71bc05d70830f5dd5683271d661,Closure
21,2012-06-20 18:05:43 +0000,1787d7b2cff83a0f177dd958033c53e4502406d2,Closure
22,2012-06-19 20:55:55 +0000,43a55234ef122a1ed98681ce0350506207b878d5,Closure
23,2012-06-07 22:48:58 +0000,b59cdd9e2dc64d2db86b90982c200a78f2f85e50,Closure
24,2012-05-24 15:54:23 +0000,70ca6014779735bdc52ca0e80e528257829a15e7,Closure
25,2012-05-18 23:58:44 +0000,2e904fcdc3bc09e3bff557fcfca383ba7e450095,Closure
26,2012-05-18 23:57:52 +0000,372eb11e44b8559004bfe78a5b4003caf0072135,Closure
27,2012-05-14 21:03:20 +0000,7a8983042131c5a9c2b5421ae42075cbb8ef1aeb,Closure
28,2012-05-14 18:02:20 +0000,59dbb7a28680caad08ddb1658123fe0cbb1ae689,Closure
29,2012-05-11 20:35:50 +0000,6924915efab89f921fd0779fe200fecc1bf80847,Closure
30,2012-04-16 22:28:43 +0000,38e2b8f247423734adec3dbd76fa22da1a3561a8,Closure
31,2012-04-09 22:00:50 +0000,0a670cb51fd56c12c19f98884c9513792ebc3f76,Closure
32,2012-04-05 18:10:13 +0000,66c8c695fd8130e3ede6f77c6e5cc1ec96a0e9b3,Closure
33,2012-04-02 21:17:00 +0000,382422adae8e9f07fc23c94089c0ebe08a2174bc,Closure
34,2012-03-27 15:38:10 +0000,87b154f89cba3c67045cd7a783b79231d0630a4c,Closure
35,2012-03-01 16:46:24 +0000,22784dc96c391b01692ce686eb93b9aa0ef74ede,Closure
36,2012-02-29 05:56:20 +0000,be397ee0d0be2aad8f71d12f097b17563866445a,Closure
37,2012-02-21 17:27:03 +0000,7e93d521cb67ce33018315234fafe8a5aa30ee1e,Closure
38,2012-02-13 16:07:52 +0000,8cf08115c6b252f8c6b54348a4089dccc45a01fb,Closure
39,2012-02-03 21:03:48 +0000,d577973fb378dfe0d05991ec0dfa6c1f40e574ee,Closure
40,2012-02-02 16:47:26 +0000,6ebc0c3d7d4da7d2cf95f53d4ea790e89d3abc7a,Closure
41,2012-01-23 23:36:43 +0000,00b1517c53912ac6843c257c0a6ead1176e8c5ee,Closure
42,2012-01-21 01:50:22 +0000,fb01427a445ebfeb3af5e220a98ccaced339b73e,Closure
43,2012-01-17 16:37:56 +0000,f636f23bdef4b27752ca249a28463ec1b6af1f0b,Closure
44,2011-12-12 23:41:22 +0000,64bb2291f9a9bbab67d865dffe603f8a0df8ef30,Closure
45,2011-12-12 17:54:10 +0000,6aa71f116df0102a98c463f471ad8ddd4dba01f8,Closure
46,2011-11-22 16:52:50 +0000,4a1a31c6a50a0fbe25fa33277909bd51f1deb8e9,Closure
47,2011-11-14 23:03:35 +0000,aedce35970673f20696d5721acba13e986cc764c,Closure
48,2011-11-14 17:12:46 +0000,46da17d59abb4f9c48b6ffd31601c212490b970b,Closure
49,2011-11-03 21:10:49 +0000,1a7ba5cb0111dd3ed9afd9691cab39b3c341e408,Closure
50,2011-10-28 19:55:05 +0000,c3b630fc9c2a1c4eb7cb718f8d324bfb306cb9df,Closure
51,2011-10-17 21:07:39 +0000,a02241e5df48e44e23dc0e66dbef3fdc3c91eb3e,Closure
52,2011-10-05 01:25:00 +0000,5909c3db59b16886917456ab950ef9661a7fe6b1,Closure
53,2011-09-12 22:37:52 +0000,9959716b01fc5231ae68bc7a24454ce45d341606,Closure
54,2011-09-01 02:30:59 +0000,7e9b8336568ea7f05c33e1b58eb67fa6d4eee756,Closure
55,2011-08-23 22:13:29 +0000,f2c0cb1f67ecb3315c0cb11326c9cb04db07ee8a,Closure
56,2011-08-22 22:18:55 +0000,9e921fa973c603473f745fff76c44620fd7719e3,Closure
57,2011-08-15 23:20:43 +0000,f759f431d5a7a2261b44440bca9cfab93ae25302,Closure
58,2011-08-09 18:15:37 +0000,f640b5dec722422c93a9a624cd21d30b5e321858,Closure
59,2011-07-25 22:32:42 +0000,49b4ef31c850611a5c85d95140b4cedda7f4c59a,Closure
60,2011-07-07 02:58:25 +0000,fbaadc736f0031dd84bebea33abae497b47158cb,Closure
61,2011-06-29 01:34:27 +0000,34e4616a924bf272c076039e143e20f1d792731e,Closure
62,2011-06-28 17:08:53 +0000,b12d1d6489329c989b15635f6f7f06681b3f6582,Closure
64,2011-06-17 21:36:04 +0000,de726510af4329fb8eeb8a54b2d93d8d37c87545,Closure
65,2011-06-15 00:09:44 +0000,48aea0ff7d027507362007415963a4b662fb10a7,Closure
66,2011-06-08 20:18:15 +0000,59a30b48325cccadabae8687fdf603d72e26c157,Closure
67,2011-06-06 22:36:17 +0000,aa89d05b48332d68b8e6ebcee427b2ac3b4e3184,Closure
68,2011-06-03 23:42:43 +0000,9d5a6e3082dd99f6c44df1b3526b9e83b79aa7da,Closure
69,2011-05-31 15:14:56 +0000,63df133d0850805818d1e280ba47dcefc9763c89,Closure
70,2011-05-20 19:48:47 +0000,ec4a34c2bd87ba54fa8770affdeeea4f3c42089b,Closure
71,2011-05-12 18:49:05 +0000,db1fdf97454a6e4ff2d29cab5f1ef2273b54c0b4,Closure
72,2011-05-02 20:12:03 +0000,e323b879de2e53e5eedf6e7afb0d582382c6248d,Closure
73,2011-04-15 16:10:54 +0000,ee8344091722c28c9351e78dcb4155fbfddfd1af,Closure
74,2011-04-08 19:27:37 +0000,03fee32a06ccf8257b2da67b9034270be38805ae,Closure
75,2011-04-04 17:02:56 +0000,c6cc58a9bc617483366141386e047b085b4e83ff,Closure
76,2011-03-18 21:59:28 +0000,78b01c3a435cd175ce3ee70f97b2f8faac342cdc,Closure
77,2011-03-18 00:03:17 +0000,b88400ce0e9c1a0dadfd3417c256b02a82f38fe1,Closure
78,2011-03-17 18:12:32 +0000,25829b0395164533782d608399096803321225a7,Closure
79,2011-03-02 23:30:42 +0000,5d397618f3c86d9c444a4c4c6441267b8a89a21d,Closure
80,2011-03-01 18:30:56 +0000,58786c3f717fa506280127265cd68fedf17de0a9,Closure
81,2011-02-17 21:20:42 +0000,084b868bc2fbf9d6d0319e5a362ade1d7f43f899,Closure
82,2011-02-08 17:40:11 +0000,a857aec27d79fc234fddd4a72c1215af0251b2d8,Closure
83,2011-01-18 18:02:32 +0000,43c245f0ff8d409e81e25687e69d34666b7cf26a,Closure
84,2011-01-11 19:28:55 +0000,4839e1ea57f9a1a26debd2cc8f22beef7282b490,Closure
85,2011-01-07 21:09:14 +0000,21a2103d7fa5664ea324ef9ee25b4a8922e50955,Closure
86,2010-12-18 00:47:28 +0000,0907b6618a60b2de23c8f7ec2217a37dc5e9a091,Closure
87,2010-12-14 23:17:54 +0000,f64a3f51bd346547ce6e1edb30601df73dff27d9,Closure
88,2010-12-14 19:51:37 +0000,6a17da87f9e132bdc147b33223826da040c77a6b,Closure
89,2010-12-01 01:36:46 +0000,4b065734d8afb5ab0d241ee5da22af0fa9d75ec3,Closure
90,2010-11-01 16:00:27 +0000,c5e143f7df0c3d73f6634488cac8ad8e7054fe05,Closure
91,2010-10-22 22:22:01 +0000,7eb2d84de101a125d41d3a1157f4eed789ca4a0d,Closure
92,2010-10-15 17:51:45 +0000,8980b60033b1c6853cbca593ec89d3d332adf7dc,Closure
94,2010-10-01 23:37:19 +0000,7cc748592670105f9d783b1b85f0f27e938db4ff,Closure
95,2010-09-15 14:50:36 +0000,f6607996d6d3bd6820ce3848d147991b27600a12,Closure
96,2010-09-02 16:49:07 +0000,807aaf2569e9eb09761068c5aeb95654daea30d9,Closure
97,2010-07-19 23:41:45 +0000,ee749e286b477f8d6f53ff5960a38453baf50f31,Closure
98,2010-06-10 20:12:38 +0000,d1df970451b5a18956448097b3afb43f3a82263d,Closure
99,2010-06-04 18:47:05 +0000,8aa879a4eeb18cfc8d13e6c843a32b7f41ccd516,Closure
100,2010-05-28 05:18:30 +0000,6d00ac1a68612aade8a19d7ecc9b180f00ae5234,Closure
101,2010-03-24 00:40:59 +0000,369282db85567f1bf2c9635d0c0043d47f114814,Closure
102,2010-02-26 15:11:05 +0000,d48c365ba8251057a71a2e2b7aabff640209e31b,Closure
103,2010-02-23 01:07:42 +0000,2f5cb1622371de540fe20dcbe0411651ec89f952,Closure
104,2010-02-22 22:55:41 +0000,67289ae4cbaba3ae70cd2e8fb92f3f2898039dfb,Closure
105,2010-02-09 21:33:10 +0000,113a08f59e8116fb11a7d4ceb11d5bb09b74ac3c,Closure
106,2009-11-12 20:02:06 +0000,e609670bb56e0c7216c9476a5f6a5594e7f1acdb,Closure
107,2013-11-25 21:36:40 -0500,49e9565febba904484396e2aef7dbe86f55e9cc5,Closure
108,2013-11-25 21:36:03 -0500,aae547f4d911dfbf42ca5a31aeb401ac83725a14,Closure
109,2013-11-08 00:06:42 -0500,7d26b7bcae8311f3c032bae3f1df27b590a4c174,Closure
110,2013-10-24 10:53:13 -0400,13fb7fcbcad87f8df63535491627bf7b01471064,Closure
111,2013-10-23 00:47:12 -0400,6f981f77e5bd9e2eecbd851a2a02933cdb9af0d8,Closure
112,2013-10-08 16:18:27 -0700,b168c8822b2d3d12515ec6477812674c8805bcf3,Closure
113,2013-10-04 16:50:10 -0700,0fb76a81bbdd8ab84a00b8be2099abfb83c88668,Closure
114,2013-10-03 18:21:15 -0700,5f03c6817341d39d8dead76c7511fd6bb0b9009f,Closure
115,2013-10-01 16:59:46 -0700,4597738e8898f738c1f969fe90479728be81cc80,Closure
116,2013-10-01 16:59:25 -0700,b80dfd3b0e5e4b490b7afb469320d18bac4520b4,Closure
117,2013-08-30 18:12:50 -0400,871bca1f36c5c06aa880ce21429da63a76f8f6e9,Closure
118,2013-08-26 10:00:28 -0700,f17961ae4d3d7cf5ea291d82804239982d009ef7,Closure
119,2013-08-26 12:47:25 -0400,046e0b226e963bc584c2a6cd3c2b471777c5cc53,Closure
120,2013-08-13 18:28:20 -0700,0123fd5303c85d0d26add64aa2e19fee33f73aaa,Closure
121,2013-08-12 16:08:47 -0700,2aee36e667526ff8b0b5e6dad66506acee920ea6,Closure
122,2013-07-12 16:19:23 -0700,a8a456b183c9600658bcb0c72091bae1a30a4fda,Closure
123,2013-06-28 16:09:36 -0700,8d11b8cc7a6183222b61c9bd398fed5448c59109,Closure
124,2013-06-05 16:45:35 -0700,e7f4269d0289f4d47217207ec456219db8efe47c,Closure
125,2013-05-23 18:49:49 -0700,8cef00180a5cf67d047919c89668a6405030dbab,Closure
126,2013-03-22 17:55:49 -0700,bd2803b6d9ab600906b262ae51cb3591160b5f3c,Closure
127,2013-03-22 17:55:47 -0700,211dc0161ae737f59cac22f30b048d56a059d14b,Closure
128,2013-03-20 09:48:28 -0700,d82fb38b0121bf690cea58df293185c7e91ded9c,Closure
129,2013-03-20 09:48:25 -0700,79a8906570f44e5f519282bd32595985ed089aed,Closure
130,2013-02-27 15:08:53 -0800,9fac3ccd2fa9e6137584f079db1a6f5962a65cf4,Closure
131,2013-02-26 17:18:25 -0800,7f6700e2b54af3af409f3e8851a0d98a72beef4b,Closure
132,2013-02-25 10:05:04 -0800,5b9485903b5e7d926f49dc91b915a256df92591c,Closure
133,2013-02-21 14:37:42 -0800,4fbbc47cb18f241b23dd2d4bf9c15d45b2473523,Closure
134,2010-01-08 21:41:36 +0000,6d374c3ee4c9c2651ffb44048924e127fd2bf37c,Closure
135,2010-02-05 18:31:28 +0000,d1f25380b5d74c5303533491e36ae4b33a50e2da,Closure
136,2010-03-16 22:53:04 +0000,938f48a60c544f6b7bdb5d49006f654a51ca9a22,Closure
137,2010-03-18 22:51:03 +0000,da30f170f29e983f014fb029fe5779bfd5d3b04f,Closure
138,2010-03-18 23:07:23 +0000,1f5edbcd2b5b09ec59151137e643d9ce75ef1055,Closure
139,2010-03-22 22:55:34 +0000,b347ce3a71e23a4ab92dc0a6c07d43e2f497c953,Closure
140,2010-03-23 05:51:47 +0000,a70a7c599e53a7752cf4b9e6e82b4408c3c4c04b,Closure
141,2010-03-25 15:58:20 +0000,3ce4716848eb71b6e78a4545a2cc0c27e74a29b3,Closure
142,2010-04-06 06:58:16 +0000,c25df7eca2462861bf42ad8b74215099c3f81ae6,Closure
143,2010-04-07 18:34:02 +0000,7eaa0d8eca2549742649af34671eaf3da83b5c08,Closure
144,2010-06-23 00:19:37 +0000,465282f1ca28a208b06c47b55fd292d4631c55da,Closure
145,2010-06-25 23:56:52 +0000,dff6e0114f19c20aeb63393d67aa0880ff5745b5,Closure
146,2010-07-07 22:14:18 +0000,35d56dd1fadec0ed50797d222de4e05f78bbf1c9,Closure
147,2010-07-09 23:02:36 +0000,82a9956c6337d2f5d4a94ebe624d64faa54d9182,Closure
148,2010-07-15 21:01:20 +0000,f86b8929454da31fbc59cbf95293c7138e0b8200,Closure
149,2010-08-06 02:38:20 +0000,053636cbd1a8fb97e55b4f82bc4b5bee8beaf47e,Closure
150,2010-09-14 00:41:11 +0000,bf8fc4533884f914182f861576808e71c18410cc,Closure
151,2010-09-17 19:56:20 +0000,fe58a5d1750bab2c5d1d0ef16102c1000e761bd8,Closure
152,2010-10-28 02:03:31 +0000,de491e70b971caca03f07531c2caf97b878cd1ff,Closure
153,2010-12-09 20:58:52 +0000,86caf52b53f53d8b83e9c1092f4b15ddeb6ca5bb,Closure
154,2011-02-28 16:08:39 +0000,09ed556367fbe81b3003881dfacad643939664c0,Closure
155,2011-03-26 00:16:46 +0000,ba0119710233a1be87c10c5e71424dc5922cc627,Closure
156,2011-03-29 23:46:31 +0000,f39bbdd39c9ec2136f0a58a677bd2fdae77075a2,Closure
157,2011-04-04 21:26:33 +0000,41acde3e8e5e8d37ade765b41d9fd29861f03e5e,Closure
158,2011-04-06 18:16:30 +0000,fcccf543e85a214f0948d1ac5cab3fa05363e845,Closure
159,2011-04-14 17:48:58 +0000,a4f32ed8acef2880288fe9559f8c60fba444bbe3,Closure
160,2011-05-27 17:34:04 +0000,29312d9f6d01e6c1fce4da0a644881c83864549f,Closure
161,2011-08-02 19:34:59 +0000,89441fcc27e2d7f36d7b2f3990bbc894235bb5b4,Closure
162,2011-09-06 23:59:07 +0000,3395eb68a19a8492196df62fb9e38c814de80f08,Closure
163,2011-12-06 19:03:54 +0000,f5bcee992bf149fa39f9eafc870ea2046d5809b4,Closure
164,2012-02-07 18:37:27 +0000,e414f154d5c4dae483f251ebeb2d9ef598aaa0f6,Closure
165,2012-05-21 15:58:30 +0000,61336bdc14f94b57ba58042f958c2a3227a55a3f,Closure
166,2012-08-01 23:56:31 +0000,8d58355140bfdfbfc85c4629b90ed1d78225b520,Closure
167,2012-08-02 22:05:42 +0000,d58006a939b740ea78dc61128065a6fdb8f303ca,Closure
168,2012-08-10 19:49:41 +0000,b675d1da9d5f8b36849db4943f580969105901a4,Closure
169,2012-10-19 16:41:16 +0000,ac239c7c53aa4d6c3105f600dec8af69da530883,Closure
170,2013-04-17 14:44:24 -0700,49f54b28376a4ed5f72ec52d314020bd1f6cf3c6,Closure
171,2013-06-20 12:10:03 -0700,6d38965a1e0a3a61435b9bebc91ff1ba0a64013a,Closure
172,2013-07-15 16:08:34 -0700,ce86cc8e460060e1280f365f22ccd5c375e2f5ed,Closure
173,2013-08-20 11:55:56 -0700,e96ce395944edfe9ba8e9de6b475cb64a7f8d626,Closure
174,2013-09-28 15:20:35 -0400,d2b3ca66b6088c1c08437c120ae215d91d313b7c,Closure
175,2013-11-04 11:20:11 -0800,038da2119223818ee1c56eaf600a583f755f9b30,Closure
176,2013-11-19 01:13:39 -0500,aeed47f424d93d9ff82e0782fca53259829362b1,Closure
1,2007-05-15 00:47:38 +0000,b0e1b80b6d4a10a9c9f46539bc4c7a3cce55886e,Cli
2,2007-05-22 17:47:16 +0000,2ff9573ffb08dd52ec3a55a49f2d77a1e94efbdf,Cli
3,2007-05-28 07:54:52 +0000,d35f2fa7a06457469a617677eeb4c1dc21484006,Cli
4,2007-06-05 04:01:08 +0000,f78959477b207bf710049aa35730ef7659f0a1b9,Cli
5,2007-06-06 07:10:30 +0000,3880640ee6268a2ecb2912e1ae896153dc2229e5,Cli
7,2008-02-21 08:03:23 +0000,4ee0d6c4f1b553858aeabf3ee6fb37d764f263e2,Cli
8,2008-05-08 06:40:58 +0000,4f407378c93b9e2a8e24c855e8bed5eb12bf7a06,Cli
9,2008-05-08 06:56:36 +0000,fea35870b69c0d37ab36ab6783edbc7aacc0842c,Cli
10,2008-05-29 13:35:20 +0000,d72a578a8949e4b1c437ec55997d8786836f139c,Cli
11,2008-05-30 10:22:49 +0000,d36adebd3547279b709960c902c3fb7b89a9a4ef,Cli
12,2008-06-01 10:01:50 +0000,aa050a69b2395f496f953f4f9c4f63a475dcf430,Cli
13,2008-06-09 07:37:19 +0000,538fb6889f0387a40b821cfb315685e929110736,Cli
14,2008-07-23 20:09:05 +0000,c338c8aca40d43efda580057f6d41ba228e26ec1,Cli
15,2008-07-24 19:38:04 +0000,a93139165b160af1c908c85a06b0af6b3dda3387,Cli
16,2008-07-24 20:28:16 +0000,f104dd060c6c88450ac9ee9eb818b26374512440,Cli
17,2008-07-27 23:38:21 +0000,9c5ce3501938cff01d78b7a1fff10a60abe9e0cf,Cli
18,2008-07-28 08:27:46 +0000,c8606251c904dfaf5303f71b788e12f7fff15fab,Cli
19,2008-07-28 08:43:28 +0000,b1331806960001da95424315b6103d755107b519,Cli
20,2008-07-28 09:47:05 +0000,99aa05af2bfef3980ad8f94230cd077e8d30c5ea,Cli
21,2008-07-30 20:16:51 +0000,9cd78b4c83df53ba302baadac4c976ca84f428f9,Cli
22,2008-09-16 08:05:03 +0000,db4a638cf642fd7d031fcaebffa306b0a16ba771,Cli
23,2009-02-18 05:42:58 +0000,2ddaae14dd23643a4b5f71f8274534b0b34556a4,Cli
24,2009-02-27 09:34:11 +0000,02dd7c20646bf67dcfb6f7da6beeb7cdffc6ac22,Cli
25,2009-02-27 09:38:10 +0000,6a585453d385449dc23d90479488f92f02cd6b83,Cli
26,2009-03-16 07:26:44 +0000,aa2434d301c49d100f50af544333886a6767ce9d,Cli
27,2009-05-30 02:31:22 +0000,4c971f08861e8cefb8ca9ac20799bfdad4e973a4,Cli
28,2010-06-16 00:00:14 +0000,3433f467554985a6bd9bf530a4810376be6fe250,Cli
29,2010-06-16 08:35:18 +0000,20002f7f4e971349a1c95dd3b05846c5b824b65c,Cli
30,2010-06-17 07:57:38 +0000,324b7f901b91614927926a5bab1d9e0e2325f018,Cli
31,2010-06-19 22:06:00 +0000,4d2c8a22d1e1831858029b8ef225a07f4445a221,Cli
32,2010-07-07 13:48:12 +0000,777cb81088d47472df21a452edd5ba568d4b3fdf,Cli
33,2010-07-21 16:40:40 +0000,483f811dfefdc6bee162481425f261d983f15e4a,Cli
34,2011-04-12 15:55:03 +0000,62a3b36efc78e53c233c2fb49cc8199c5eabec1d,Cli
35,2015-06-09 05:18:22 +0000,085a1538fa20d8e48faad49eaffd697f024bf1af,Cli
36,2016-06-21 20:27:06 +0000,afc13c445a4c80432e52d735685b272fadfeeddf,Cli
37,2016-09-07 20:19:32 +0000,1bf9e6c551b6a2e7d37291673a1ff77c338ce131,Cli
38,2016-09-08 05:36:59 +0000,ac2a1c85616f0140418de9190389fe7b80296c39,Cli
39,2017-06-14 09:56:49 +0200,0b453953fa5f55cf2e8fd034d4d55972deb7647a,Cli
40,2018-02-26 10:23:40 -0700,b0024d482050a08efc36c3cabee37c0af0e57a10,Cli
